{"EC_cp": [0.942, 0.95, 0.932, 0.954, 0.95, 0.962, 0.954, 0.957, 0.949, 0.942, 0.937, 0.966, 0.947, 0.931, 0.933, 0.961, 0.939, 0.949, 0.945, 0.944, 0.955, 0.953, 0.95, 0.954, 0.936, 0.974, 0.951, 0.958, 0.937, 0.953, 0.954, 0.954, 0.946, 0.94, 0.958, 0.961, 0.949, 0.958, 0.951, 0.941, 0.949, 0.962, 0.943, 0.955, 0.94, 0.948, 0.957, 0.934, 0.943, 0.958, 0.941, 0.922, 0.949, 0.962, 0.955, 0.955, 0.948, 0.961, 0.949, 0.938, 0.93, 0.96, 0.958, 0.96, 0.941, 0.942, 0.944, 0.948, 0.935, 0.96, 0.935, 0.947, 0.955, 0.958, 0.966, 0.952, 0.958, 0.936, 0.953, 0.945, 0.944, 0.966, 0.945, 0.947, 0.938, 0.953, 0.94, 0.942, 0.955, 0.925, 0.966, 0.96, 0.946, 0.955, 0.946, 0.939, 0.956, 0.956, 0.959, 0.927, 0.953, 0.945, 0.952, 0.959, 0.941, 0.943, 0.947, 0.95, 0.964, 0.952, 0.948, 0.95, 0.962, 0.946, 0.948, 0.939, 0.951, 0.951, 0.956, 0.956, 0.96, 0.958, 0.952, 0.959, 0.954, 0.947, 0.94, 0.962, 0.952, 0.938, 0.951, 0.949, 0.966, 0.968, 0.946, 0.955, 0.934, 0.925, 0.952, 0.944, 0.962, 0.951, 0.954, 0.947, 0.945, 0.951, 0.936, 0.959, 0.952, 0.955, 0.955, 0.963, 0.957, 0.949, 0.945, 0.967, 0.957, 0.947, 0.947, 0.942, 0.942, 0.925, 0.955, 0.958, 0.941, 0.966, 0.946, 0.952, 0.947, 0.94, 0.942, 0.94, 0.939, 0.941, 0.968, 0.946, 0.939, 0.957, 0.948, 0.948, 0.944, 0.957, 0.946, 0.953, 0.956, 0.941, 0.928, 0.968, 0.954, 0.958, 0.946, 0.957, 0.96, 0.938, 0.963, 0.942, 0.95, 0.954, 0.946, 0.956, 0.956, 0.935, 0.959, 0.939, 0.964, 0.928, 0.963, 0.94, 0.958, 0.947, 0.956, 0.941, 0.953, 0.95, 0.953, 0.936, 0.951, 0.94, 0.954, 0.929, 0.949, 0.955, 0.931, 0.932, 0.946, 0.954, 0.965, 0.956, 0.948, 0.944, 0.95, 0.959, 0.953, 0.968, 0.943, 0.949, 0.95, 0.948, 0.957, 0.939, 0.944, 0.951, 0.963, 0.958, 0.949, 0.946, 0.953, 0.95, 0.924, 0.953, 0.958, 0.951, 0.93, 0.943, 0.951, 0.955, 0.958, 0.949, 0.951, 0.955, 0.938, 0.954, 0.948, 0.947, 0.962, 0.938, 0.961, 0.943, 0.954, 0.936, 0.953, 0.966, 0.953, 0.948, 0.959, 0.956, 0.954, 0.956, 0.955, 0.951, 0.956, 0.949, 0.947, 0.958, 0.955, 0.958, 0.949, 0.957, 0.949, 0.948, 0.948, 0.951, 0.956, 0.956, 0.958, 0.943, 0.95, 0.935, 0.938, 0.959], "c": [0.09146411043137866, 0.08790395347009312, 0.08894816847159878, 0.0945133932998781, 0.09299220142859607, 0.09532842038271121, 0.09186641499324649, 0.09735824066162793, 0.08798195646958468, 0.09161407920180976, 0.08844507687151433, 0.09360343165058649, 0.09027740128185437, 0.09145463999877386, 0.08695506563878441, 0.09058156470125621, 0.08580407592224512, 0.0918862452631137, 0.08985390771053335, 0.09037006514544546, 0.0914907644509683, 0.08915115585554013, 0.09061444978930515, 0.09318634613595239, 0.08899801111169221, 0.09820514082018529, 0.09447757223030465, 0.09575001423757958, 0.08942345796247991, 0.09264080389224559, 0.09391349399349143, 0.09301509787204464, 0.09439956072106048, 0.08868705203532527, 0.0960378079428674, 0.09193129117821575, 0.0913048342956162, 0.09232647747155086, 0.09171356042176293, 0.08807750198482814, 0.09366192786784337, 0.0929439131967917, 0.08975981419948692, 0.09164755898954449, 0.09605000421789846, 0.09093973675347079, 0.09441909426595382, 0.08883701312882268, 0.09138961792247131, 0.09383350453867621, 0.08995721731122491, 0.09156948136140258, 0.0946066712367913, 0.0907526968759248, 0.09234390429557444, 0.09329943067767156, 0.09191199770478405, 0.09427537415359123, 0.09434998662894807, 0.09057495805196972, 0.09132556046744285, 0.09111732872399832, 0.0959932049380255, 0.094464157378316, 0.09070814512516404, 0.09415820779678313, 0.09281146605283559, 0.09071314028221523, 0.08731295862829798, 0.09586190544125447, 0.0903297733426059, 0.0909805432942563, 0.09084425917545877, 0.09359729878810774, 0.09462192446084246, 0.0948552513457518, 0.09213630405128351, 0.08458552470170053, 0.08998889414110249, 0.09139670353367478, 0.09155794121642591, 0.09576177510674143, 0.09039335873490974, 0.09157778568279826, 0.08753414462993914, 0.08937229808565361, 0.09157404239507405, 0.08990073041424325, 0.09095346272635883, 0.08783775860192522, 0.09739649974530404, 0.09645886412542877, 0.09115577081556021, 0.091472803471018, 0.0901623237260203, 0.09138145589882164, 0.0919678094101234, 0.09140039535681035, 0.09510200060250865, 0.08910971307007541, 0.08984883062639111, 0.08986068643470842, 0.09331593100716257, 0.09485202002923021, 0.0865964622305239, 0.09205406412943458, 0.0900174886022457, 0.0931798061005355, 0.0943227704713929, 0.09087348933230802, 0.09437615293013597, 0.08999281791837739, 0.09017963560389093, 0.09300189074130938, 0.09061568561868497, 0.0874058704140923, 0.09110738020419175, 0.0954793119265821, 0.09216863222242169, 0.0956441485280096, 0.09188278800663695, 0.09071557511829549, 0.09157284485109203, 0.09621849841596133, 0.0931099680291246, 0.08879399877250038, 0.0893719745681303, 0.09541463855041311, 0.09606982973156289, 0.08883123391278443, 0.0935366788822904, 0.09401620388588894, 0.09538653895740389, 0.09712668345953807, 0.08818157418462674, 0.09210344327361489, 0.08828066217727842, 0.08769561038436141, 0.09156177798808394, 0.09266861445407762, 0.09202485061107682, 0.0946754558992069, 0.09655276952726799, 0.09048158845795518, 0.09035769484488324, 0.09325795779270749, 0.0890217437672815, 0.08928680253863847, 0.0899063866225625, 0.09260809471617765, 0.09721850740218244, 0.09312716000132205, 0.09459380244529407, 0.0927079255024366, 0.0887606558673802, 0.097219577577064, 0.09250081121226396, 0.09136206952767026, 0.09287923353055846, 0.09205396749585829, 0.09148662098643474, 0.08689960287231989, 0.0930594176570637, 0.09682907586644736, 0.08831831006581525, 0.09775055946302875, 0.09516167780222778, 0.09389029424879865, 0.09123636203243966, 0.09326186714852784, 0.088263992360235, 0.09074471868940462, 0.08960193838682974, 0.09046054289279397, 0.09726039974225283, 0.09360035426015031, 0.08613737182041875, 0.09342864207941845, 0.0887446638260023, 0.09158975441314512, 0.09239990863413232, 0.09279506826684991, 0.0889839420776082, 0.09261218234449306, 0.09475111300183542, 0.08937978013772822, 0.08824632150399005, 0.0979392006779222, 0.09378019421366456, 0.09284976273427012, 0.09149847093513998, 0.09217187419654367, 0.09462476105736913, 0.08947505070715932, 0.09366193865730349, 0.09045384402268226, 0.09380108957355887, 0.09105611741782721, 0.0889935791347663, 0.09171104650491825, 0.094885379268934, 0.08957474187958024, 0.0948919705039862, 0.08923467118139433, 0.09474739183647408, 0.08832570118684689, 0.09552358242879065, 0.09085561188899367, 0.09269389879750638, 0.090992756852322, 0.09095769225139128, 0.08968091338714444, 0.09261331409639822, 0.09142452168423608, 0.09254778843857431, 0.09207241328347977, 0.09084419803540428, 0.09018414122615397, 0.09405798989725123, 0.09113241686232366, 0.09019278210536173, 0.09162813389715876, 0.08990312759192957, 0.08872625091688541, 0.08735480269226863, 0.09018516185296917, 0.09484841420320728, 0.09590467392157051, 0.09086791734870188, 0.09036927656765839, 0.09149017208457348, 0.09654015550661577, 0.09416908465747383, 0.099671110204951, 0.09163994811440698, 0.09347284076153753, 0.09410625599864689, 0.09528866624238595, 0.09145538887554297, 0.08677575266995738, 0.09032162053434098, 0.09147780057574723, 0.09302359497751354, 0.09050809014584894, 0.09117507063102599, 0.0943942050023718, 0.08655671620461203, 0.09269685572827044, 0.08711387772714567, 0.09170874999552671, 0.09492589472838962, 0.0953047587472416, 0.09143692333995815, 0.090334680834058, 0.09173240045020228, 0.09329786349262556, 0.09264099724020754, 0.09248801548907537, 0.09127481226866528, 0.09301312979177702, 0.0878863861501716, 0.0885097909805564, 0.09708398013065259, 0.08940025805327229, 0.09252260416310727, 0.09206231585192877, 0.09573824003560782, 0.09299654474166533, 0.09220543658249436, 0.08929361144543801, 0.0940214875837231, 0.09890207264465654, 0.0902237306112496, 0.08938303544946567, 0.09765929515177499, 0.09338705282558178, 0.09107634689663319, 0.09180560185333458, 0.09241866705933022, 0.09516505880053922, 0.08863774312190298, 0.09502335518252512, 0.09079530324146293, 0.09620259231099035, 