{"EC_cp": [0.963, 0.976, 0.914, 0.947, 0.905, 0.934, 0.95, 0.932, 0.979, 0.963, 0.945, 0.963, 0.961, 0.981, 0.954, 0.93, 0.951, 0.953, 0.936, 0.979, 0.95, 0.928, 0.986, 0.971, 0.937, 0.954, 0.927, 0.96, 0.954, 0.965, 0.946, 0.947, 0.937, 0.964, 0.958, 0.938, 0.923, 0.919, 0.982, 0.96, 0.927, 0.952, 0.963, 0.948, 0.98, 0.944, 0.944, 0.973, 0.9, 0.917, 0.946, 0.972, 0.935, 0.93, 0.95, 0.961, 0.916, 0.914, 0.938, 0.953, 0.94, 0.983, 0.977, 0.941, 0.959, 0.981, 0.918, 0.97, 0.922, 0.976, 0.955, 0.935, 0.939, 0.959, 0.955, 0.965, 0.903, 0.93, 0.933, 0.965, 0.98, 0.922, 0.955, 0.956, 0.948, 0.95, 0.957, 0.97, 0.936, 0.946, 0.923, 0.942, 0.979, 0.948, 0.972, 0.963, 0.936, 0.949, 0.957, 0.952, 0.977, 0.92, 0.937, 0.944, 0.931, 0.944, 0.958, 0.936, 0.98, 0.913, 0.994, 0.947, 0.943, 0.981, 0.957, 0.958, 0.932, 0.914, 0.945, 0.955, 0.956, 0.974, 0.963, 0.957, 0.961, 0.975, 0.956, 0.962, 0.953, 0.974, 0.991, 0.963, 0.979, 0.979, 0.952, 0.973, 0.976, 0.94, 0.963, 0.985, 0.958, 0.932, 0.964, 0.94, 0.949, 0.915, 0.95, 0.98, 0.945, 0.958, 0.937, 0.931, 0.963, 0.948, 0.98, 0.94, 0.975, 0.985, 0.929, 0.946, 0.972, 0.953, 0.965, 0.962, 0.92, 0.955, 0.939, 0.97, 0.948, 0.96, 0.986, 0.963, 0.971, 0.955, 0.965, 0.955, 0.931, 0.919, 0.958, 0.95, 0.946, 0.966, 0.929, 0.953, 0.926, 0.959, 0.948, 0.956, 0.993, 0.986, 0.95, 0.965, 0.937, 0.969, 0.967, 0.962, 0.913, 0.967, 0.973, 0.973, 0.969, 0.965, 0.938, 0.986, 0.946, 0.965, 0.982, 0.988, 0.95, 0.943, 0.958, 0.907, 0.944, 0.944, 0.961, 0.912, 0.976, 0.954, 0.949, 0.93, 0.963, 0.961, 0.964, 0.95, 0.952, 0.98, 0.958, 0.934, 0.915, 0.915, 0.979, 0.948, 0.923, 0.962, 0.966, 0.899, 0.961, 0.968, 0.991, 0.949, 0.935, 0.966, 0.979, 0.965, 0.976, 0.95, 0.931, 0.974, 0.937, 0.952, 0.969, 0.95, 0.91, 0.948, 0.97, 0.922, 0.923, 0.948, 0.971, 0.971, 0.922, 0.986, 0.973, 0.971, 0.954, 0.967, 0.953, 0.928, 0.915, 0.966, 0.948, 0.944, 0.958, 0.973, 0.968, 0.963, 0.93, 0.863, 0.928, 0.956, 0.927, 0.953, 0.942, 0.959, 0.954, 0.955, 0.927, 0.969, 0.939, 0.984, 0.961, 0.943, 0.971, 0.956, 0.923, 0.945, 0.949, 0.885, 0.944, 0.933], "c": [0.09531877556456755, 0.1047969619918238, 0.08392533950946705, 0.09202928951589068, 0.07913553987439752, 0.08274705203592003, 0.0932932294163394, 0.08538027789408476, 0.1101272333214687, 0.10064936185019333, 0.09467073883871759, 0.09048068681009806, 0.09662091146145185, 0.10819188044933081, 0.09342178844451085, 0.08318398210087147, 0.09270365133835831, 0.09264304407520277, 0.09092354844770367, 0.1146091314234869, 0.09199132412665684, 0.08402310453987633, 0.10775647933815051, 0.10196136403195456, 0.09263485259563448, 0.09637316179081998, 0.0836311870822915, 0.09630064620714704, 0.09761035274826577, 0.10280540981995707, 0.08689026518164358, 0.08922165684027429, 0.08878560716585727, 0.09583296787193742, 0.09619546508953959, 0.09046385910502919, 0.08252114937373575, 0.08205278179833345, 0.11028315059061891, 0.09526531298369628, 0.0869069780457784, 0.0899384397899378, 0.09875865216913442, 0.09560184358190438, 0.1066562133684264, 0.08830994959240228, 0.0873351719230471, 0.0982159215259127, 0.07626035562402991, 0.08355064164334852, 0.08975270651122615, 0.09310161121411421, 0.0857082265794544, 0.08693894841025245, 0.09247151125287077, 0.09462401585431622, 0.08561007537260794, 0.07917620956393044, 0.08794730767490508, 0.09490143528004885, 0.08819449492249165, 0.11031853861643022, 0.10513006027006122, 0.08706995946222547, 0.09435631703825172, 0.1063964291777106, 0.07909753024853876, 0.10081773710672236, 0.08560183318543518, 0.10133167322909493, 0.09532597247097883, 0.09421656027580272, 0.08846177614234434, 0.09232503522643032, 0.09360687461198175, 0.09657183850653758, 0.07967090578049338, 0.08409529120940086, 0.08545460064228734, 0.09789439485045126, 0.10794931672782021, 0.08265913024756308, 0.09262330051841021, 0.09611632773980593, 0.0905273309836461, 0.09208737828787406, 0.09521143705262856, 0.10189648493854218, 0.08952294000476152, 0.08694791011757007, 0.08456795546646592, 0.09087829390460388, 0.11140898422419986, 0.08985746475447448, 0.10241319646558146, 0.09379669985242148, 0.08857158718427749, 0.08980381875847822, 0.09714992332992727, 0.09355533364796237, 0.10477916640572646, 0.08069778968034985, 0.08440745693577485, 0.08842948082876262, 0.08985477356827215, 0.09291701491227873, 0.09428538343153896, 0.08291237534527261, 0.107030102566683, 0.08011966829478635, 0.1392176264749349, 0.08831551221759057, 0.09337709224839412, 0.11053206096947162, 0.09798583573715103, 0.09456543899251839, 0.08743702152801267, 0.08036137427163834, 0.09290640250483694, 0.0921529077639638, 0.09163252537517039, 0.1068522974472661, 0.09650029360981945, 0.09580486796857159, 0.09662594845441241, 0.10304067672878679, 0.09668399660388088, 0.094914602995164, 0.09154755616760596, 0.10079334309854383, 0.12062232683297443, 0.09372448713013956, 0.10140267203105922, 0.11345224872102794, 0.08931619334147614, 0.10588713791565679, 0.11193794957539105, 0.08796457096172061, 0.09989525506095767, 0.10855202288998907, 0.09101568204474843, 0.08720414895160739, 0.09683467251528102, 0.08774880615575753, 0.0907523298218571, 0.08594276609881829, 0.09587149961496899, 0.10726194051388514, 0.09109180894068399, 0.09658726533648858, 0.08682367789057105, 0.08107710445480011, 0.09592880117267444, 0.09680479750089313, 0.11146654541079058, 0.087718348959392, 0.10941835915509758, 0.11113369480710547, 0.08726026058543875, 0.09086202925676161, 0.10742319840180796, 0.09064129349749057, 0.10026784890807228, 0.09749774214012993, 0.08406609354243377, 0.09284464597473999, 0.08721708953833854, 0.09926950623127972, 0.0975562799111365, 0.09493501205200182, 0.12001192306827474, 0.09693012780031383, 0.1035889438952792, 0.09487579433292347, 0.09787116263748688, 0.09468245680989172, 0.08290371874733814, 0.0790431164956752, 0.093628061378698, 0.08916993664209236, 0.09066162201796721, 0.09703157517931965, 0.08528051403609589, 0.09249743922033568, 0.08051718297300306, 0.10016370343536192, 0.09071294621510856, 0.09650528087557708, 0.1321377366763994, 0.12107937677219582, 0.08878739596356014, 0.09790340661489962, 0.08720651897158742, 0.09955843366081624, 0.10468902287698098, 0.09748441095273112, 0.08046926277979234, 0.09702925636688406, 0.10749884370468558, 0.10175455693944582, 0.09599847167718428, 0.09357190478514987, 0.08735526303352191, 0.11135405222804086, 0.08865437813020767, 0.09504970455929626, 0.11427103981368646, 0.11454126384672582, 0.092010055272265, 0.08327143477728773, 0.09388102404628051, 0.07783379126961128, 0.09275721962893235, 0.09060657773943952, 0.09167986767964047, 0.08020916776520262, 0.10709099960294523, 0.09303280356263208, 0.09286424375023525, 0.08576446662146055, 0.10373083254985829, 0.09593767884554243, 0.09455953873783669, 0.08965723176977047, 0.09032922004049102, 0.10636228230455298, 0.09242509993681355, 0.0882289283804087, 0.08392827621085638, 0.07722316032630644, 0.10740084129294993, 0.09687311735462253, 0.08510216691117634, 0.09672330505519358, 0.09605904368147136, 0.08000965679909296, 0.0961567976519473, 0.09662206320759366, 0.11472927777998335, 0.09165929340245674, 0.08629269149168323, 0.09909645737437243, 0.10285759964950725, 0.10337299662067119, 0.09450727837546632, 0.08949607304836403, 0.0879085452912121, 0.10256717690923763, 0.08384754640429379, 0.0903921587320003, 0.10762363885458023, 0.08802682315608021, 0.07983846190756184, 0.09163552820615159, 0.10350398638799232, 0.08878152048312352, 0.08161098420769641, 0.0876944626426408, 0.09737733682567772, 0.10026023668114885, 0.08650688252654373, 0.10972631305781752, 0.10990297690014875, 0.09511563234919064, 0.09419079211106086, 0.10565602727043007, 0.0933443131065432, 0.08788364953525764, 0.08240976589844122, 0.10107051146629309, 0.09540682977761877, 0.0903995443061305, 0.0982279021416818, 0.09853083075812494, 0.09810605838852424, 0.09706903023201943, 0.0812391620788262, 0.06971333644956129, 0.08411918613802137, 0.09609767923186403, 0.08285816243919622, 0.09311905449373886, 0.08775904302062337, 