{"EC_cp": [0.953, 0.938, 0.95, 0.94, 0.95, 0.954, 0.949, 0.956, 0.944, 0.969, 0.961, 0.949, 0.953, 0.933, 0.944, 0.95, 0.956, 0.943, 0.969, 0.95, 0.968, 0.951, 0.949, 0.942, 0.943, 0.938, 0.964, 0.956, 0.926, 0.967, 0.951, 0.952, 0.945, 0.957, 0.947, 0.937, 0.948, 0.95, 0.944, 0.962, 0.958, 0.947, 0.953, 0.936, 0.956, 0.939, 0.94, 0.939, 0.946, 0.953, 0.954, 0.945, 0.953, 0.952, 0.946, 0.963, 0.956, 0.934, 0.965, 0.952, 0.951, 0.953, 0.949, 0.957, 0.96, 0.95, 0.952, 0.946, 0.962, 0.957, 0.935, 0.965, 0.966, 0.955, 0.958, 0.944, 0.949, 0.943, 0.943, 0.962, 0.939, 0.95, 0.93, 0.928, 0.96, 0.937, 0.953, 0.942, 0.969, 0.946, 0.947, 0.972, 0.945, 0.941, 0.951, 0.929, 0.953, 0.936, 0.957, 0.956, 0.936, 0.961, 0.942, 0.96, 0.957, 0.966, 0.959, 0.955, 0.944, 0.949, 0.958, 0.945, 0.956, 0.943, 0.941, 0.97, 0.93, 0.942, 0.957, 0.936, 0.952, 0.924, 0.954, 0.947, 0.957, 0.952, 0.962, 0.944, 0.957, 0.974, 0.968, 0.955, 0.958, 0.957, 0.949, 0.952, 0.95, 0.953, 0.963, 0.959, 0.939, 0.955, 0.951, 0.968, 0.959, 0.961, 0.939, 0.958, 0.957, 0.971, 0.952, 0.949, 0.947, 0.961, 0.948, 0.951, 0.943, 0.936, 0.961, 0.96, 0.967, 0.93, 0.968, 0.948, 0.94, 0.95, 0.937, 0.952, 0.951, 0.95, 0.928, 0.957, 0.942, 0.939, 0.932, 0.947, 0.95, 0.947, 0.961, 0.947, 0.944, 0.935, 0.944, 0.949, 0.936, 0.946, 0.945, 0.954, 0.942, 0.95, 0.932, 0.949, 0.943, 0.953, 0.939, 0.948, 0.913, 0.949, 0.965, 0.943, 0.966, 0.954, 0.955, 0.919, 0.93, 0.944, 0.959, 0.963, 0.973, 0.935, 0.92, 0.952, 0.967, 0.958, 0.91, 0.954, 0.954, 0.944, 0.95, 0.951, 0.949, 0.948, 0.963, 0.938, 0.949, 0.943, 0.963, 0.947, 0.941, 0.948, 0.956, 0.978, 0.949, 0.95, 0.942, 0.947, 0.953, 0.951, 0.924, 0.933, 0.93, 0.951, 0.956, 0.954, 0.949, 0.93, 0.946, 0.967, 0.95, 0.933, 0.944, 0.95, 0.952, 0.941, 0.969, 0.952, 0.947, 0.962, 0.958, 0.906, 0.954, 0.933, 0.959, 0.953, 0.945, 0.938, 0.945, 0.965, 0.963, 0.963, 0.957, 0.949, 0.951, 0.958, 0.95, 0.953, 0.951, 0.947, 0.936, 0.964, 0.929, 0.944, 0.955, 0.929, 0.964, 0.918, 0.978, 0.955, 0.958, 0.955, 0.938, 0.965, 0.946, 0.962, 0.921, 0.956, 0.94, 0.945, 0.972, 0.941], "c": [0.08720445437864903, 0.08649171229395793, 0.0935910942502355, 0.09040988356648358, 0.0880653476566533, 0.08997010916488077, 0.09241308253458635, 0.09219781469652913, 0.08829659785465925, 0.09531058055957646, 0.09495383730469664, 0.09273492872228593, 0.0913305480799391, 0.08982480984222696, 0.08647882888245116, 0.09291260325061786, 0.09178353996669453, 0.09066283332211222, 0.09712458858572662, 0.08787611020586476, 0.09792946914097632, 0.08991977995994505, 0.09146731450878305, 0.08795647687004704, 0.08918066343679547, 0.09180602591937034, 0.09815458370654745, 0.09393591127460525, 0.08524814312895404, 0.09845562573022137, 0.09269017304135997, 0.08887153819195252, 0.09270564772330842, 0.09549888586673151, 0.09247521299787524, 0.08806265393733624, 0.09079321332392518, 0.08942614207154131, 0.08907137075074653, 0.09720303920044289, 0.0923006055806911, 0.09272086400623634, 0.09479798635767588, 0.0885358182798053, 0.09308771286844514, 0.08787899156491663, 0.08876992760193254, 0.09204881786236492, 0.08878764487404779, 0.0929535192338659, 0.09065327725794851, 0.08995329707790259, 0.09165361262565361, 0.09667117011258496, 0.09151944018001806, 0.0955328718645841, 0.0951517222491821, 0.08793253866904165, 0.09633869206778488, 0.09370097492182868, 0.09559579248761244, 0.09425053991093055, 0.08996564016657176, 0.09687685842549112, 0.09417040058731625, 0.09158904626539445, 0.09690424168984403, 0.09013668171778527, 0.09410508720779219, 0.09290350055909205, 0.08685170749718771, 0.0982664862551976, 0.0977753064034695, 0.09290095702608225, 0.09142972503962694, 0.08637321021086251, 0.09136063602153166, 0.08807906903970256, 0.0904035930881663, 0.0970507757896693, 0.08975757326905055, 0.09251051808462583, 0.08702124197823524, 0.08439580332031019, 0.09344985227775002, 0.08871169800272259, 0.09458001356332961, 0.0873274177070129, 0.09682037621869607, 0.08895301430414797, 0.0914248655210526, 0.10257577616306027, 0.08907275020559072, 0.08890921072729904, 0.09312115164758683, 0.08538959601628303, 0.10002112689882582, 0.08803101311551247, 0.09084386936882578, 0.09714464450221863, 0.08703988346673885, 0.09380137539009732, 0.08566879121158234, 0.0982771358713986, 0.09365129765487504, 0.09633004053384137, 0.09741388276894888, 0.08949147786121919, 0.08874613914157774, 0.09026943830850549, 0.09218783314972893, 0.09334335618988225, 0.09316591516837087, 0.08867440401284275, 0.09321674003977133, 0.09929034166119126, 0.09031520142551648, 0.08919788355962645, 0.09317802398994184, 0.09031237852955071, 0.09510857277786995, 0.08952890480651615, 0.091297882664821, 0.09200059007989182, 0.09518260127928695, 0.09660666209177425, 0.09498685911360007, 0.09103667792894252, 0.09757680244083426, 0.10355322781632095, 0.10018591020778375, 0.0947348208250299, 0.09618372737756256, 0.09254119268779414, 0.09408824789240232, 0.08790509866912992, 0.0928882672370666, 0.08869014917134321, 0.09239248602380214, 0.09400723968608736, 0.0936482098531684, 0.09189518668737433, 0.09184423916923498, 0.10079740818147213, 0.09397393648527029, 0.09601182096385827, 0.08820022189175031, 0.09132542326032612, 0.09282805768837708, 0.10000491715864161, 0.09713673924693404, 0.09530822877032741, 0.09083566833448038, 0.09630289276984558, 0.09305733285413838, 0.09379731711027157, 0.08884520283293706, 0.0865251919075207, 0.09386090895052712, 0.09637152069640983, 0.09768153028236501, 0.08511393498426076, 0.09580808394230657, 0.09088893116405652, 0.08889276045476106, 0.09451154467611309, 0.08947688468322379, 0.08971543406909986, 0.08927913969069003, 0.09484736535789307, 0.08631469945346457, 0.09437164233085445, 0.08956523778369707, 0.09229432754549911, 0.09028338826314512, 0.09448224413892475, 0.08989151176944853, 0.09286663494460101, 0.0926287935653572, 0.08699724198128711, 0.08867426232360737, 0.08646930595591126, 0.0913178094760437, 0.0912672203352606, 0.08701793238374865, 0.08809017404935332, 0.0878378979500811, 0.08871467826489851, 0.087915322700347, 0.0942333599235429, 0.09000125607300298, 0.08872200216497933, 0.08802365504614192, 0.09390649897209086, 0.08814727150598661, 0.09176689941331795, 0.08323933881625788, 0.09098923575973711, 0.09754031894713809, 0.08768184097475895, 0.09980105464210882, 0.09017598395828637, 0.09742678214605817, 0.08334369062103669, 0.08606102366731046, 0.08553623301964396, 0.09347416405838231, 0.09305605427557025, 0.10053179152049249, 0.08775361226019203, 0.08553339140097294, 0.09259113843736429, 0.0944847328304526, 0.09312161570797135, 0.08117822064082728, 0.09300265423237455, 0.09358423802822194, 0.08919187129221103, 0.0884071481325681, 0.08964058584643089, 0.08695308519362255, 0.09418371388390881, 0.09741820298535596, 0.0862879431493997, 0.08934914904453292, 0.09423320737236766, 0.09658227359104156, 0.08765214150537881, 0.0883187189086046, 0.09139889058531206, 0.0941534017095093, 0.1053076562214571, 0.09027537390018435, 0.09174984677362064, 0.09300053441227824, 0.08861704443424707, 0.09263013668659861, 0.09379889823920318, 0.08421824150348291, 0.08660946680201677, 0.09059024356591878, 0.09292751806030843, 0.09191489823196423, 0.08792127543635649, 0.09194377411059321, 0.08681384861884714, 0.08875930521978798, 0.09693281397922363, 0.09171975165963757, 0.08711547276450736, 0.08884766920116753, 0.09217123204659051, 0.08959515520352525, 0.08866208871796859, 0.09462783773596944, 0.08948487032899186, 0.08936879751023886, 0.09246166362701742, 0.09115444831768126, 0.08020324538368355, 0.09210538319633056, 0.08438613107733443, 0.09936983167469624, 0.0909515205228417, 0.08766979177625608, 0.08584408878728866, 0.08819714328346569, 0.09735140836662814, 0.10003529537161017, 0.09326641935775504, 0.09427902097027181, 0.09000705451932378, 0.09269986438711773, 0.09455435641475252, 0.09040707555606077, 0.09691785892656817, 0.09491103960399738, 0.09150525805764627, 0.08932055590360684, 0.09438147760748966, 0.08474744997650434, 0.09128637179798484, 0.09228185028127525, 